year,SeedType,Upset,Region,GameCity,GameState,TopSeed,TopCity,TopST,TopTravel,TopScore,TopGames,TopFG,TopFGA,TopFGPer,Top3P,Top3PA,Top3Per,Top2P,Top2PA,Top2Per,TopPTs,TopOppPTS,TopAST,TopORB,TopDRB,TopPoss,TopTSPer,TopEFGPer,TopTOV,TopTOPer,TopFT,TopFTA,TopFTR,TopORTG,TopDRTG,TopSOS,BotSeed,BotCity,BotST,BotTravel,BotScore,BotGames,BotFG,BotFGA,BotFGPer,Bot3P,Bot3PA,Bot3Per,Bot2P,Bot2PA,Bot2Per,BotPTs,BotOppPTS,BotAST,BotORB,BotDRB,BotPoss,BotTSPer,BotEFGPer,BotTOV,BotTOPer,BotFT,BotFTA,BotFTR,BotORTG,BotDRTG,BotSOS
2001,OneSixteen,0,One,Greensboro,NC,Duke,,,,95,39,1217,2530,0.481,407,1057,0.385,810,1473,0.481,3538,2750,701,538,967,-9999,0.5954464670400689,0.5614624505928854,531,-9999,697,1002,0.3960474308300395,-9999,-9999,11.97,Monmouth,,,,52,31,756,1664,0.454,201,570,0.353,555,1094,0.454,2180,2024,439,300,755,-9999,0.5554649598434507,0.5147235576923077,471,-9999,467,678,0.4074519230769231,-9999,-9999,-8.85
2001,OneSixteen,0,Two,Memphis,TN,Michigan State,,,,69,33,957,1957,0.489,146,453,0.322,811,1504,0.489,2553,2039,579,514,890,-9999,0.5651130668838873,0.5263157894736842,451,-9999,493,686,0.35053653551354114,-9999,-9999,9.54,Alabama State,,,,35,31,756,1713,0.441,165,506,0.326,591,1207,0.441,2135,1980,410,386,789,-9999,0.52866424991581,0.489492119089317,510,-9999,458,696,0.4063047285464098,-9999,-9999,-13.61
2001,OneSixteen,0,Three,Dayton,OH,Illinois,,,,96,35,929,2046,0.454,247,678,0.364,682,1368,0.454,2725,2307,550,479,921,-9999,0.5599621897090252,0.5144183773216031,524,-9999,620,880,0.43010752688172044,-9999,-9999,11.38,Northwestern State,,,,54,32,768,1856,0.414,175,551,0.318,593,1305,0.414,2292,2397,392,410,768,-9999,0.5111781183649436,0.4609375,537,-9999,581,877,0.47252155172413796,-9999,-9999,-7.82
2001,OneSixteen,0,Four,San Diego,CA,Stanford,,,,89,34,953,1865,0.511,252,587,0.429,701,1278,0.511,2829,2226,568,365,879,-9999,0.6252431132642596,0.5785522788203753,438,-9999,671,903,0.4841823056300268,-9999,-9999,9.86,UNC Greensboro,,,,60,31,773,1741,0.444,184,480,0.383,589,1261,0.444,2282,2230,414,343,706,-9999,0.554712871672209,0.49684089603676046,475,-9999,552,718,0.41240666283744976,-9999,-9999,-5.85
2001,TwoFifteen,0,One,Uniondale,NY,Kentucky,,,,72,34,988,2051,0.482,245,708,0.346,743,1343,0.482,2713,2400,539,464,847,-9999,0.5696133431873153,0.5414431984397855,513,-9999,492,751,0.36616284739151633,-9999,-9999,11.06,Holy Cross,,,,68,30,640,1437,0.445,136,388,0.351,504,1049,0.445,2034,1868,385,388,767,-9999,0.5495514968118448,0.49269311064718163,512,-9999,618,940,0.6541405706332637,-9999,-9999,-5.84
2001,TwoFifteen,0,Two,New Orleans,LA,UNC,,,,70,33,945,1972,0.479,189,519,0.364,756,1453,0.479,2611,2341,576,411,952,-9999,0.5623858427818176,0.527129817444219,518,-9999,532,794,0.4026369168356998,-9999,-9999,11.77,Princeton,,,,48,27,540,1203,0.449,218,619,0.352,322,584,0.449,1562,1569,383,174,518,-9999,0.573118468944464,0.5394846217788861,340,-9999,264,363,0.30174563591022446,-9999,-9999,-1.88
2001,TwoFifteen,0,Three,Kansas City,MO,Arizona,,,,101,36,1015,2131,0.476,193,544,0.355,822,1587,0.476,2926,2386,585,487,946,-9999,0.5749430165841389,0.5215861098076021,546,-9999,703,940,0.4411074612857813,-9999,-9999,12.56,Eastern Illinois,,,,76,31,915,1931,0.474,230,584,0.394,685,1347,0.474,2564,2439,514,359,765,-9999,0.5782589084348219,0.5334023821853962,427,-9999,504,650,0.33661315380631796,-9999,-9999,-2.46
2001,TwoFifteen,1,Four,Boise,ID,Iowa State,,,,57,31,823,1735,0.474,182,436,0.417,641,1299,0.474,2451,2115,429,375,853,-9999,0.5803546058987328,0.5268011527377522,467,-9999,623,856,0.49337175792507204,-9999,-9999,4.87,Hampton,,,,58,32,850,1846,0.46,200,575,0.348,650,1271,0.46,2471,2246,449,434,809,-9999,0.5581910183428209,0.514626218851571,489,-9999,571,835,0.452329360780065,-9999,-9999,-10.6
2001,ThreeFourteen,0,One,Uniondale,NY,Boston College,,,,68,32,879,1934,0.454,230,651,0.353,649,1283,0.454,2547,2129,464,486,680,-9999,0.5583763022203514,0.5139607032057911,423,-9999,559,788,0.4074457083764219,-9999,-9999,5.18,Southern Utah,,,,65,31,783,1602,0.489,197,493,0.4,586,1109,0.489,2243,2015,462,335,662,-9999,0.5908477862305861,0.5502496878901373,470,-9999,480,673,0.42009987515605496,-9999,-9999,-3.42
2001,ThreeFourteen,0,Two,New Orleans,LA,Florida,,,,69,31,849,1764,0.481,256,668,0.383,593,1096,0.481,2509,2081,538,319,826,-9999,0.5977111166167978,0.5538548752834467,451,-9999,555,761,0.43140589569161,-9999,-9999,7.51,Western Kentucky,,,,56,31,812,1789,0.454,213,605,0.352,599,1184,0.454,2303,1889,452,441,799,-9999,0.5521298835804292,0.5134153158188932,453,-9999,466,674,0.3767467859139184,-9999,-9999,-1.65
2001,ThreeFourteen,0,Three,Kansas City,MO,Ole Miss,,,,72,35,865,1958,0.442,224,655,0.342,641,1303,0.442,2496,2262,500,416,811,-9999,0.5372918424632764,0.4989785495403473,500,-9999,542,829,0.42339121552604697,-9999,-9999,9.2,Iona,,,,70,33,912,1896,0.481,159,415,0.383,753,1481,0.481,2549,2375,481,378,861,-9999,0.5645175578469934,0.5229430379746836,557,-9999,566,822,0.43354430379746833,-9999,-9999,-4.09
2001,ThreeFourteen,0,Four,Boise,ID,Maryland,,,,83,36,1120,2313,0.484,205,540,0.38,915,1773,0.484,3067,2605,692,543,935,-9999,0.5666282386674352,0.5285343709468223,523,-9999,622,894,0.3865110246433204,-9999,-9999,10.99,George Mason,,,,80,30,784,1705,0.46,142,439,0.323,642,1266,0.46,2127,1963,411,357,661,-9999,0.5361680245220618,0.501466275659824,429,-9999,417,633,0.3712609970674487,-9999,-9999,-0.34
2001,FourThirteen,0,One,Greensboro,NC,UCLA,,,,61,32,902,1947,0.463,190,535,0.355,712,1412,0.463,2544,2382,464,441,778,-9999,0.5502301276949164,0.5120698510529019,515,-9999,550,829,0.42578325629173086,-9999,-9999,12.06,Hofstra,,,,48,31,784,1657,0.473,167,503,0.332,617,1154,0.473,2257,1929,414,373,793,-9999,0.5608623911574093,0.5235365117682559,511,-9999,522,807,0.48702474351237174,-9999,-9999,-5.47
2001,FourThirteen,1,Two,Memphis,TN,Oklahoma,,,,68,33,859,1924,0.446,242,636,0.381,617,1288,0.446,2454,2122,444,420,764,-9999,0.5532210359255518,0.5093555093555093,420,-9999,494,668,0.3471933471933472,-9999,-9999,5.48,Indiana State,,,,70,34,861,1872,0.46,213,594,0.359,648,1278,0.46,2479,2305,521,334,735,-9999,0.5604336974607539,0.5168269230769231,402,-9999,544,772,0.41239316239316237,-9999,-9999,2.5
2001,FourThirteen,0,Three,Dayton,OH,Kansas,,,,99,33,1002,1996,0.502,183,465,0.394,819,1531,0.502,2707,2286,641,443,964,-9999,0.5776387442598884,0.5478456913827655,532,-9999,520,789,0.39529058116232463,-9999,-9999,9.03,Cal State Northridge,,,,75,32,910,1842,0.494,217,547,0.397,693,1295,0.494,2650,2409,608,373,785,-9999,0.5961486547286962,0.5529315960912052,489,-9999,613,865,0.46959826275787186,-9999,-9999,0.24
2001,FourThirteen,1,Four,San Diego,CA,Indiana,,,,73,34,858,1896,0.453,181,500,0.362,677,1396,0.453,2408,2186,513,377,891,-9999,0.5351681957186544,0.5002637130801688,496,-9999,511,804,0.4240506329113924,-9999,-9999,11.05,Kent State,,,,77,34,823,1917,0.429,180,516,0.349,643,1401,0.429,2390,2117,429,403,700,-9999,0.532968209226817,0.476264997391758,346,-9999,564,739,0.3854981742305686,-9999,-9999,1.44
2001,FiveTwelve,1,One,Greensboro,NC,Ohio State,,,,68,31,775,1645,0.471,169,443,0.381,606,1202,0.471,2206,1973,473,355,735,-9999,0.565154123626824,0.5224924012158054,471,-9999,487,697,0.4237082066869301,-9999,-9999,8.17,Utah State,,,,77,34,852,1755,0.485,200,513,0.39,652,1242,0.485,2404,1959,511,370,807,-9999,0.5773516753765755,0.5424501424501424,486,-9999,500,743,0.4233618233618234,-9999,-9999,-1.5
2001,FiveTwelve,1,Two,Memphis,TN,Virginia,,,,85,29,852,1872,0.455,204,553,0.369,648,1319,0.455,2464,2168,420,437,694,-9999,0.5589329461936304,0.5096153846153846,399,-9999,556,755,0.4033119658119658,-9999,-9999,8.72,Gonzaga,,,,86,33,915,1793,0.51,245,606,0.404,670,1187,0.51,2720,2271,537,369,896,-9999,0.6154737337533037,0.5786391522587842,472,-9999,645,947,0.528165086447295,-9999,-9999,0.32
2001,FiveTwelve,0,Three,Dayton,OH,Syracuse,,,,79,34,885,2029,0.436,185,552,0.335,700,1477,0.436,2475,2294,545,442,869,-9999,0.5268468376417696,0.48176441596845737,441,-9999,520,727,0.358304583538689,-9999,-9999,5.82,Hawaii,,,,69,31,797,1703,0.468,177,507,0.349,620,1196,0.468,2254,2265,557,335,664,-9999,0.5646179435281858,0.5199647680563712,516,-9999,483,666,0.39107457428068115,-9999,-9999,7.25
2001,FiveTwelve,0,Four,San Diego,CA,Cincinnati,,,,84,35,921,2076,0.444,214,600,0.357,707,1476,0.444,2586,2294,451,464,752,-9999,0.5364254895453037,0.4951830443159923,380,-9999,530,760,0.36608863198458574,-9999,-9999,7.84,BYU,,,,59,33,744,1620,0.459,185,485,0.381,559,1135,0.459,2324,2069,414,292,696,-9999,0.5846835060883566,0.516358024691358,433,-9999,651,835,0.5154320987654321,-9999,-9999,3.47
2001,SixEleven,0,One,Uniondale,NY,USC,,,,69,34,898,1955,0.459,208,597,0.348,690,1358,0.459,2620,2420,514,422,828,-9999,0.5600396730394337,0.5125319693094629,512,-9999,616,873,0.4465473145780051,-9999,-9999,10.83,Oklahoma State,,,,54,30,767,1652,0.464,129,395,0.327,638,1257,0.464,2129,1936,406,364,775,-9999,0.5387581990444571,0.5033292978208233,506,-9999,466,736,0.44552058111380144,-9999,-9999,4.7
2001,SixEleven,1,Two,New Orleans,LA,Texas,,,,65,34,819,1990,0.412,215,626,0.343,604,1364,0.412,2396,2211,414,483,863,-9999,0.5081869856621701,0.46557788944723616,502,-9999,543,835,0.41959798994974873,-9999,-9999,8.88,Temple,,,,79,37,926,2168,0.427,281,815,0.345,645,1353,0.427,2604,2366,416,494,828,-9999,0.5283833579533465,0.4919280442804428,307,-9999,471,673,0.3104243542435424,-9999,-9999,9.77
2001,SixEleven,0,Three,Kansas City,MO,Notre Dame,,,,83,30,814,1763,0.462,219,570,0.384,595,1193,0.462,2338,2078,527,370,844,-9999,0.5627876523715073,0.5238230289279637,434,-9999,491,714,0.40499149177538285,-9999,-9999,5.68,Xavier,,,,71,29,706,1653,0.427,178,587,0.303,528,1066,0.427,2130,1911,398,391,734,-9999,0.5349285757338316,0.4809437386569873,415,-9999,540,768,0.4646098003629764,-9999,-9999,4.59
2001,SixEleven,1,Four,Boise,ID,Wisconsin,,,,49,29,575,1349,0.426,174,477,0.365,401,872,0.426,1723,1641,358,233,636,-9999,0.5388011908037925,0.4907338769458858,337,-9999,399,568,0.42105263157894735,-9999,-9999,12.07,Georgia State,,,,50,34,929,2068,0.449,276,780,0.354,653,1288,0.449,2701,2337,449,441,730,-9999,0.5572473096982901,0.5159574468085106,435,-9999,567,808,0.390715667311412,-9999,-9999,-3.72
2001,SevenTen,0,One,Uniondale,NY,Iowa,,,,69,35,815,1895,0.43,210,573,0.366,605,1322,0.43,2593,2469,474,482,869,-9999,0.5482215043214992,0.48548812664907653,520,-9999,753,1068,0.5635883905013193,-9999,-9999,10.7,Creighton,,,,56,32,788,1782,0.442,249,694,0.359,539,1088,0.442,2325,2024,490,357,727,-9999,0.5548184490855637,0.5120650953984287,426,-9999,500,712,0.3995510662177329,-9999,-9999,3.0
2001,SevenTen,0,Two,New Orleans,LA,Penn State,,,,69,33,835,1962,0.426,278,757,0.367,557,1205,0.426,2535,2473,481,349,720,-9999,0.5511061254304498,0.4964322120285423,407,-9999,587,768,0.39143730886850153,-9999,-9999,10.54,Providence,,,,59,31,806,1809,0.446,249,622,0.4,557,1187,0.446,2359,2049,506,391,738,-9999,0.5579681350287617,0.5143725815367607,467,-9999,498,693,0.38308457711442784,-9999,-9999,5.44
2001,SevenTen,1,Three,Kansas City,MO,Wake Forest,,,,63,30,838,1815,0.462,177,494,0.358,661,1321,0.462,2296,1995,465,342,762,-9999,0.5511387640665207,0.5104683195592287,375,-9999,443,609,0.33553719008264465,-9999,-9999,10.5,Butler,,,,79,32,755,1643,0.46,251,617,0.407,504,1026,0.46,2228,1946,388,305,617,-9999,0.5772379629821544,0.5359099208764455,377,-9999,467,652,0.39683505782105905,-9999,-9999,3.98
2001,SevenTen,1,Four,Boise,ID,Arkansas,,,,61,31,881,1990,0.443,273,741,0.368,608,1249,0.443,2476,2152,476,410,690,-9999,0.5450958981313514,0.5113065326633166,451,-9999,441,639,0.32110552763819095,-9999,-9999,6.16,Georgetown,,,,63,33,924,2115,0.437,186,561,0.332,738,1554,0.437,2574,2228,547,607,874,-9999,0.5201092754841421,0.4808510638297872,550,-9999,540,817,0.3862884160756501,-9999,-9999,1.58
2001,EightNine,1,One,Greensboro,NC,Georgia,,,,68,31,845,1820,0.464,142,411,0.345,703,1409,0.464,2257,2258,471,397,796,-9999,0.5378727217265309,0.5032967032967033,485,-9999,425,632,0.34725274725274724,-9999,-9999,12.71,Missouri,,,,70,33,847,2015,0.42,279,734,0.38,568,1281,0.42,2493,2402,418,466,793,-9999,0.5323556041478039,0.48957816377171215,497,-9999,520,742,0.36823821339950374,-9999,-9999,9.19
2001,EightNine,1,Two,Memphis,TN,California,,,,70,31,813,1699,0.479,176,503,0.35,637,1196,0.479,2304,2128,508,281,717,-9999,0.5699922813545234,0.5303119482048264,424,-9999,502,732,0.43084167157151265,-9999,-9999,9.08,Fresno State,,,,82,33,954,2030,0.47,241,678,0.355,713,1352,0.47,2689,2342,592,389,851,-9999,0.5651724311872615,0.5293103448275862,551,-9999,540,793,0.39064039408866996,-9999,-9999,5.14
2001,EightNine,1,Three,Dayton,OH,Tennessee,,,,63,33,909,1980,0.459,257,697,0.369,652,1283,0.459,2668,2496,528,421,880,-9999,0.5643741961686861,0.523989898989899,528,-9999,593,872,0.4404040404040404,-9999,-9999,10.28,Charlotte,,,,70,33,873,1998,0.437,305,848,0.36,568,1150,0.437,2583,2374,471,411,856,-9999,0.5519513821221601,0.5132632632632632,418,-9999,532,777,0.3888888888888889,-9999,-9999,7.91
2001,EightNine,1,Four,San Diego,CA,Georgia Tech,,,,62,30,776,1822,0.426,260,700,0.371,516,1122,0.426,2269,2187,488,345,780,-9999,0.5368432010902483,0.4972557628979144,474,-9999,457,662,0.3633369923161361,-9999,-9999,11.78,St. Joseph's,,,,66,33,905,1879,0.482,255,716,0.356,650,1163,0.482,2625,2352,590,368,873,-9999,0.5873744696847645,0.5494944119212347,479,-9999,560,808,0.43001596593932945,-9999,-9999,4.45
2002,OneSixteen,0,One,Washington,DC,Maryland,,,,85,36,1083,2248,0.482,217,580,0.374,866,1668,0.482,3060,2552,714,473,1006,-9999,0.5755081774822082,0.5300266903914591,495,-9999,677,933,0.4150355871886121,-9999,-9999,9.38,Siena,,,,70,36,853,2044,0.417,250,722,0.346,603,1322,0.417,2517,2482,465,402,959,-9999,0.5297252247701788,0.47847358121330724,550,-9999,561,754,0.36888454011741684,-9999,-9999,-3.71
2002,OneSixteen,0,Two,Greenville,SC,Duke,,,,84,35,1093,2209,0.495,301,830,0.363,792,1379,0.495,3112,2421,625,428,875,-9999,0.5967081345584514,0.5629244001810774,501,-9999,625,906,0.4101403349932096,-9999,-9999,9.16,Winthrop,,,,37,31,725,1735,0.418,194,630,0.308,531,1105,0.418,2092,2018,359,405,773,-9999,0.5137625493624629,0.4737752161383285,459,-9999,448,684,0.39423631123919306,-9999,-9999,-8.21
2002,OneSixteen,0,Three,St. Louis,MO,Kansas,,,,70,37,1259,2487,0.506,224,536,0.418,1035,1951,0.506,3365,2765,767,557,1081,-9999,0.5865475792057118,0.5512665862484921,602,-9999,623,867,0.3486127864897467,-9999,-9999,9.35,Holy Cross,,,,59,33,694,1711,0.406,148,439,0.337,546,1272,0.406,2083,1968,438,420,756,-9999,0.5058182453959127,0.4488603156049094,470,-9999,547,791,0.46230274693161894,-9999,-9999,-5.1
2002,OneSixteen,0,Four,Pittsburgh,PA,Cincinnati,,,,90,35,967,2071,0.467,209,577,0.362,758,1494,0.467,2738,2115,480,462,934,-9999,0.5610287849977051,0.5173829068083051,416,-9999,595,839,0.40511830033800095,-9999,-9999,6.58,Boston University,,,,52,32,748,1767,0.423,203,567,0.358,545,1200,0.423,2147,2047,399,393,807,-9999,0.5227812840891383,0.48075834748160723,415,-9999,448,651,0.3684210526315789,-9999,-9999,-7.81
2002,TwoFifteen,0,One,Washington,DC,UConn,,,,78,34,972,2012,0.483,154,391,0.394,818,1621,0.483,2646,2354,494,464,917,-9999,0.5610020862662618,0.5213717693836978,545,-9999,548,787,0.3911530815109344,-9999,-9999,7.43,Hampton,,,,67,33,933,1940,0.481,218,615,0.354,715,1325,0.481,2623,2344,470,457,784,-9999,0.5716589660883968,0.5371134020618556,489,-9999,539,805,0.41494845360824745,-9999,-9999,-8.9
2002,TwoFifteen,0,Two,Greenville,SC,Alabama,,,,86,35,910,2071,0.439,217,703,0.309,693,1368,0.439,2658,2334,460,509,860,-9999,0.5441458261681325,0.49179140511830033,490,-9999,621,844,0.40753259295026556,-9999,-9999,7.67,Florida Atlantic,,,,78,31,859,2011,0.427,178,527,0.338,681,1484,0.427,2303,2235,483,505,707,-9999,0.5050793038107937,0.4714072600696171,474,-9999,407,611,0.30382894082545997,-9999,-9999,-5.33
2002,TwoFifteen,0,Three,Sacramento,CA,Oregon,,,,81,35,1014,2082,0.487,304,721,0.422,710,1361,0.487,2994,2538,580,384,896,-9999,0.6083288633149656,0.5600384245917387,482,-9999,662,861,0.41354466858789624,-9999,-9999,6.93,Montana,,,,62,31,760,1670,0.455,213,596,0.357,547,1074,0.455,2218,2263,452,306,741,-9999,0.5580604255147843,0.5188622754491018,464,-9999,485,721,0.43173652694610776,-9999,-9999,-1.71
2002,TwoFifteen,0,Four,Dallas,TX,Oklahoma,,,,71,36,1011,2281,0.443,236,674,0.35,775,1607,0.443,2807,2327,517,543,896,-9999,0.5406311150829726,0.4949583516001754,427,-9999,549,716,0.3138974134151688,-9999,-9999,7.7,UIC,,,,63,34,862,1953,0.441,251,619,0.405,611,1334,0.441,2503,2400,462,423,757,-9999,0.542742900758062,0.5056323604710702,435,-9999,528,802,0.4106502816180235,-9999,-9999,1.42
2002,ThreeFourteen,0,One,Chicago,IL,Georgia,,,,85,32,871,1947,0.447,189,588,0.321,682,1359,0.447,2444,2271,495,468,758,-9999,0.542330155686922,0.4958911145351823,455,-9999,513,696,0.3574730354391371,-9999,-9999,9.24,Murray State,,,,68,32,941,2093,0.45,210,652,0.322,731,1441,0.45,2514,2349,465,510,771,-9999,0.5349027217484553,0.49976110845676064,456,-9999,422,584,0.27902532250358336,-9999,-9999,-1.94
2002,ThreeFourteen,0,Two,Pittsburgh,PA,Pitt,,,,71,35,928,1974,0.47,220,682,0.323,708,1292,0.47,2530,2133,590,464,881,-9999,0.5489403065386819,0.5258358662613982,498,-9999,454,751,0.38044579533941236,-9999,-9999,4.55,Central Connecticut,,,,54,32,814,1777,0.458,139,397,0.35,675,1380,0.458,2280,2018,426,418,829,-9999,0.5471089610688782,0.4971862689926843,480,-9999,513,697,0.39223410241980866,-9999,-9999,-9.29
2002,ThreeFourteen,0,Three,Dallas,TX,Mississippi State,,,,70,35,943,1965,0.48,192,551,0.348,751,1414,0.48,2582,2334,566,457,902,-9999,0.5601645347727233,0.5287531806615776,583,-9999,504,772,0.3928753180661578,-9999,-9999,7.33,McNeese State,,,,58,30,743,1687,0.44,171,466,0.367,572,1221,0.44,2102,1909,387,406,733,-9999,0.5290339467643861,0.491108476585655,480,-9999,445,681,0.4036751630112626,-9999,-9999,-5.8
2002,ThreeFourteen,0,Four,Albuquerque,NM,Arizona,,,,86,34,935,2039,0.459,258,686,0.376,677,1353,0.459,2793,2642,527,430,856,-9999,0.5724768385668607,0.521824423737126,478,-9999,665,910,0.4462972045120157,-9999,-9999,12.48,UCSB,,,,81,31,693,1544,0.449,201,499,0.403,492,1045,0.449,2066,1889,454,301,777,-9999,0.5666608153771887,0.5139248704663213,423,-9999,479,634,0.4106217616580311,-9999,-9999,-0.05
2002,FourThirteen,0,One,St. Louis,MO,Kentucky,,,,83,32,905,2021,0.448,219,692,0.316,686,1329,0.448,2460,2183,471,492,791,-9999,0.5343829831604191,0.5019792182088075,460,-9999,431,638,0.31568530430479963,-9999,-9999,11.99,Valparaiso,,,,68,33,893,1989,0.449,275,785,0.35,618,1204,0.449,2564,2180,570,448,794,-9999,0.5524052465571623,0.5180995475113123,437,-9999,503,754,0.3790849673202614,-9999,-9999,-1.24
2002,FourThirteen,1,Two,Sacramento,CA,USC,,,,89,32,909,2063,0.441,201,580,0.347,708,1483,0.441,2494,2232,504,455,776,-9999,0.5273084014140491,0.4893359185651963,389,-9999,475,686,0.3325254483761512,-9999,-9999,8.3,UNC Wilmington,,,,93,33,784,1803,0.435,221,592,0.373,563,1211,0.435,2240,2034,453,374,762,-9999,0.5355776587605203,0.4961175818080976,403,-9999,451,655,0.3632834165280089,-9999,-9999,-0.09
2002,FourThirteen,0,Three,Chicago,IL,Illinois,,,,93,35,908,1932,0.47,254,692,0.367,654,1240,0.47,2708,2369,590,392,872,-9999,0.5858225745041707,0.5357142857142857,511,-9999,638,862,0.44616977225672877,-9999,-9999,9.94,San Diego State,,,,64,33,906,1902,0.476,147,409,0.359,759,1493,0.476,2455,2339,472,400,819,-9999,0.5497384543728279,0.5149842271293376,508,-9999,496,752,0.3953732912723449,-9999,-9999,6.02
2002,FourThirteen,0,Four,Albuquerque,NM,Ohio State,,,,69,32,825,1702,0.485,175,466,0.376,650,1236,0.485,2362,2078,483,351,701,-9999,0.5755921629788477,0.5361339600470035,421,-9999,537,795,0.4670975323149236,-9999,-9999,7.26,Davidson,,,,64,31,776,1778,0.436,249,705,0.353,527,1073,0.436,2192,2046,484,369,824,-9999,0.5397525805689071,0.5064679415073116,486,-9999,391,574,0.3228346456692913,-9999,-9999,0.71
2002,FiveTwelve,1,One,St. Louis,MO,Marquette,,,,69,33,871,1841,0.473,173,456,0.379,698,1385,0.473,2413,2004,462,420,750,-9999,0.5591343034572249,0.520097772949484,455,-9999,498,720,0.3910917979359044,-9999,-9999,4.77,Tulsa,,,,71,34,961,2016,0.477,259,639,0.405,702,1377,0.477,2726,2363,586,373,841,-9999,0.5838359262559112,0.5409226190476191,436,-9999,545,724,0.35912698412698413,-9999,-9999,2.3
2002,FiveTwelve,0,Two,Sacramento,CA,Indiana,,,,75,37,916,1990,0.46,270,659,0.41,646,1331,0.46,2607,2316,546,406,897,-9999,0.564422543993349,0.5281407035175879,508,-9999,505,726,0.36482412060301506,-9999,-9999,12.08,Utah,,,,56,30,688,1467,0.469,236,582,0.405,452,885,0.469,2018,1839,439,263,654,-9999,0.5824558972938025,0.5494205862304021,397,-9999,406,603,0.4110429447852761,-9999,-9999,5.18
2002,FiveTwelve,1,Three,Chicago,IL,Florida,,,,82,31,892,1899,0.47,232,658,0.353,660,1241,0.47,2495,2064,519,430,773,-9999,0.5667157290303823,0.5308056872037915,463,-9999,479,687,0.3617693522906793,-9999,-9999,8.37,Creighton,,,,83,32,849,1829,0.464,230,619,0.372,619,1210,0.464,2421,2197,488,384,758,-9999,0.569379115710254,0.527063969382176,458,-9999,493,675,0.36905412793876435,-9999,-9999,1.38
2002,FiveTwelve,1,Four,Albuquerque,NM,Miami (FL),,,,80,32,818,1902,0.43,236,684,0.345,582,1218,0.43,2395,2156,525,388,786,-9999,0.5442390197789412,0.4921135646687697,460,-9999,523,678,0.35646687697160884,-9999,-9999,5.52,Missouri,,,,93,36,1031,2253,0.458,326,834,0.391,705,1419,0.458,2877,2610,539,535,880,-9999,0.5608274592976109,0.5299600532623169,511,-9999,489,709,0.3146915224145584,-9999,-9999,6.81
2002,SixEleven,1,One,Chicago,IL,Texas Tech,,,,68,32,931,1999,0.466,146,388,0.376,785,1611,0.466,2532,2292,588,419,811,-9999,0.54173869880013,0.5022511255627814,397,-9999,524,768,0.384192096048024,-9999,-9999,7.22,Southern Illinois,,,,76,36,976,2115,0.461,220,601,0.366,756,1514,0.461,2717,2425,547,483,913,-9999,0.5429222284389738,0.5134751773049645,493,-9999,545,880,0.4160756501182033,-9999,-9999,1.67
2002,SixEleven,0,Two,Pittsburgh,PA,California,,,,82,32,835,1849,0.452,187,595,0.314,648,1254,0.452,2310,2130,487,365,722,-9999,0.5388735443415945,0.502163331530557,423,-9999,453,669,0.3618171984856679,-9999,-9999,7.45,Penn,,,,75,32,815,1701,0.479,266,668,0.398,549,1033,0.479,2342,2039,561,265,770,-9999,0.5947302129042743,0.5573192239858906,421,-9999,446,609,0.35802469135802467,-9999,-9999,-1.51
2002,SixEleven,0,Three,Dallas,TX,Texas,,,,70,34,949,2096,0.453,200,544,0.368,749,1552,0.453,2657,2489,516,524,832,-9999,0.541325748932425,0.5004770992366412,466,-9999,559,814,0.3883587786259542,-9999,-9999,9.98,Boston College,,,,57,32,801,1913,0.419,212,629,0.337,589,1284,0.419,2354,2257,431,452,740,-9999,0.5220808715246358,0.47412441191845267,449,-9999,540,776,0.40564558285415575,-9999,-9999,5.91
2002,SixEleven,1,Four,Albuquerque,NM,Gonzaga,,,,66,33,907,1931,0.47,237,606,0.391,670,1325,0.47,2677,2197,522,425,945,-9999,0.5801404299583912,0.5310719834282756,458,-9999,626,855,0.44277576385292594,-9999,-9999,0.74,Wyoming,,,,73,31,795,1745,0.456,132,440,0.3,663,1305,0.456,2324,2129,418,394,851,-9999,0.5470088688873406,0.49340974212034383,449,-9999,602,862,0.49398280802292266,-9999,-9999,2.72
2002,SevenTen,0,One,Washington,DC,NC State,,,,69,34,863,1910,0.452,278,773,0.36,585,1137,0.452,2565,2304,547,354,765,-9999,0.5733329756987285,0.5246073298429319,452,-9999,561,743,0.38900523560209427,-9999,-9999,8.17,Michigan State,,,,58,31,764,1654,0.462,180,458,0.393,584,1196,0.462,2150,1978,438,377,786,-9999,0.5639728873313328,0.5163240628778718,461,-9999,442,573,0.3464328899637243,-9999,-9999,9.6
2002,SevenTen,1,Two,Greenville,SC,Oklahoma State,,,,61,32,835,1863,0.448,167,510,0.327,668,1353,0.448,2293,2050,460,481,798,-9999,0.5272427938119677,0.49302200751476116,486,-9999,456,708,0.38003220611916266,-9999,-9999,6.8,Kent State,,,,69,36,986,2102,0.469,224,614,0.365,762,1488,0.469,2732,2305,483,474,848,-9999,0.563103914520331,0.5223596574690771,391,-9999,536,736,0.35014272121788775,-9999,-9999,2.1
2002,SevenTen,0,Three,Sacramento,CA,Wake Forest,,,,83,34,1001,2094,0.478,240,655,0.366,761,1439,0.478,2789,2620,553,438,871,-9999,0.5762301449562818,0.5353390639923591,497,-9999,547,741,0.3538681948424069,-9999,-9999,10.28,Pepperdine,,,,74,31,906,1990,0.455,233,635,0.367,673,1355,0.455,2519,2319,445,410,766,-9999,0.5522088353413654,0.5138190954773869,449,-9999,474,661,0.3321608040201005,-9999,-9999,3.36
2002,SevenTen,0,Four,Dallas,TX,Xavier,,,,70,32,777,1732,0.449,197,552,0.357,580,1180,0.449,2317,2003,400,389,799,-9999,0.5576682391450852,0.5054849884526559,435,-9999,566,785,0.4532332563510393,-9999,-9999,4.09,Hawaii,,,,58,33,818,1818,0.45,241,634,0.38,577,1184,0.45,2367,2081,546,338,765,-9999,0.5548419157634175,0.5162266226622663,407,-9999,490,716,0.39383938393839385,-9999,-9999,1.15
2002,EightNine,0,One,Washington,DC,Wisconsin,,,,80,32,731,1675,0.436,211,593,0.356,520,1082,0.436,2144,2101,407,328,704,-9999,0.5460472697636511,0.4994029850746269,414,-9999,471,655,0.39104477611940297,-9999,-9999,9.22,St. John's (NY),,,,70,32,784,1953,0.401,139,484,0.287,645,1469,0.401,2250,2202,368,498,708,-9999,0.4870467218508641,0.43701996927803377,484,-9999,543,811,0.41525857654889914,-9999,-9999,6.3
2002,EightNine,0,Two,Greenville,SC,Notre Dame,,,,82,33,934,2037,0.459,244,644,0.379,690,1393,0.459,2601,2256,629,436,915,-9999,0.5556267623686234,0.5184094256259205,435,-9999,489,690,0.3387334315169367,-9999,-9999,6.17,Charlotte,,,,63,30,761,1730,0.44,247,676,0.365,514,1054,0.44,2205,2057,416,377,759,-9999,0.5509634989805301,0.511271676300578,408,-9999,436,616,0.3560693641618497,-9999,-9999,8.68
2002,EightNine,0,Three,St. Louis,MO,Stanford,,,,84,30,822,1823,0.451,207,608,0.34,615,1215,0.451,2420,2180,480,446,808,-9999,0.5548626141824717,0.5076796489303346,409,-9999,569,813,0.4459681843115743,-9999,-9999,9.03,Western Kentucky,,,,68,32,876,1884,0.465,279,734,0.38,597,1150,0.465,2491,2069,501,410,819,-9999,0.5730336044756892,0.5390127388535032,456,-9999,460,658,0.3492569002123142,-9999,-9999,-0.28
2002,EightNine,0,Four,Pittsburgh,PA,UCLA,,,,80,33,902,1912,0.472,223,572,0.39,679,1340,0.472,2476,2398,475,393,816,-9999,0.5633520813993702,0.5300732217573222,496,-9999,449,649,0.33943514644351463,-9999,-9999,10.77,Ole Miss,,,,58,31,745,1618,0.46,235,618,0.38,510,1000,0.46,2232,1993,427,334,697,-9999,0.5811652467348511,0.5330655129789864,476,-9999,507,687,0.4245982694684796,-9999,-9999,6.85
2003,OneSixteen,0,One,Oklahoma City,OK,Oklahoma,,,,71,34,853,1912,0.446,250,638,0.392,603,1274,0.446,2392,2041,482,414,837,-9999,0.546428114548877,0.5115062761506276,412,-9999,436,629,0.32897489539748953,-9999,-9999,8.53,South Carolina State,,,,54,31,765,1683,0.455,161,484,0.333,604,1199,0.455,2238,2209,316,396,749,-9999,0.5520255737316732,0.5023767082590612,602,-9999,547,782,0.46464646464646464,-9999,-9999,-10.13
2003,OneSixteen,0,Two,Birmingham,AL,Texas,,,,82,33,916,2055,0.446,196,550,0.356,720,1505,0.446,2618,2300,478,531,855,-9999,0.5420469415135905,0.49343065693430654,431,-9999,590,818,0.3980535279805353,-9999,-9999,9.27,UNC Asheville,,,,61,32,801,1848,0.433,212,586,0.362,589,1262,0.433,2320,2514,430,393,749,-9999,0.5419041390264412,0.4908008658008658,514,-9999,506,665,0.35984848484848486,-9999,-9999,-5.61
2003,OneSixteen,0,Three,Nashville,TN,Kentucky,,,,95,36,1026,2102,0.488,208,585,0.356,818,1517,0.488,2782,2309,574,460,864,-9999,0.5727862696007379,0.5375832540437678,501,-9999,522,742,0.35299714557564227,-9999,-9999,9.33,IUPUI,,,,64,34,833,1855,0.449,215,626,0.343,618,1229,0.449,2423,2406,457,404,714,-9999,0.5517954417096321,0.5070080862533692,547,-9999,542,774,0.4172506738544474,-9999,-9999,-1.8
2003,OneSixteen,0,Four,Salt Lake City,UT,Arizona,,,,80,32,973,2111,0.461,228,645,0.353,745,1466,0.461,2725,2262,569,479,895,-9999,0.5554694889273017,0.5149218379914733,468,-9999,551,777,0.36807200378967314,-9999,-9999,8.95,Vermont,,,,51,33,835,1870,0.447,179,520,0.344,656,1350,0.447,2275,2111,477,425,870,-9999,0.5286763338910578,0.4943850267379679,479,-9999,426,640,0.3422459893048128,-9999,-9999,-4.85
2003,TwoFifteen,0,One,Tampa,FL,Wake Forest,,,,76,31,805,1778,0.453,191,560,0.341,614,1218,0.453,2412,2102,441,459,833,-9999,0.5646807633959507,0.5064679415073116,475,-9999,611,813,0.45725534308211474,-9999,-9999,6.96,ETSU,,,,73,31,899,1933,0.465,167,474,0.352,732,1459,0.465,2543,2332,448,437,764,-9999,0.5574211763055449,0.508277289187791,561,-9999,578,791,0.4092084842214175,-9999,-9999,-2.94
2003,TwoFifteen,0,Two,Tampa,FL,Florida,,,,85,33,883,1856,0.476,287,735,0.39,596,1121,0.476,2484,2128,542,352,797,-9999,0.5842726229230566,0.5530711206896551,438,-9999,431,613,0.3302801724137931,-9999,-9999,7.76,Sam Houston State,,,,55,30,751,1636,0.459,194,542,0.358,557,1094,0.459,2185,1951,502,338,773,-9999,0.562749824865043,0.5183374083129584,475,-9999,489,694,0.4242053789731051,-9999,-9999,-6.87
2003,TwoFifteen,0,Three,Boston,MA,Pitt,,,,87,33,893,1766,0.506,208,572,0.364,685,1194,0.506,2473,1955,589,369,834,-9999,0.5901809920195502,0.5645526613816535,484,-9999,479,748,0.42355605889014725,-9999,-9999,5.79,Wagner,,,,61,32,865,1841,0.47,225,589,0.382,640,1252,0.47,2403,2302,514,381,717,-9999,0.5688812711880457,0.5309614340032591,482,-9999,448,616,0.33460076045627374,-9999,-9999,-6.48
2003,TwoFifteen,0,Four,Oklahoma City,OK,Kansas,,,,64,38,1182,2393,0.494,183,546,0.335,999,1847,0.494,3141,2541,653,550,1039,-9999,0.5625725380063332,0.5321771834517343,562,-9999,594,906,0.3786042624320936,-9999,-9999,10.53,Utah State,,,,61,33,799,1727,0.463,134,456,0.294,665,1271,0.463,2197,1979,471,414,740,-9999,0.5455836776859504,0.5014475969889982,406,-9999,465,651,0.37695425593514764,-9999,-9999,-1.43
2003,ThreeFourteen,0,One,Boston,MA,Syracuse,,,,76,35,1020,2146,0.475,186,540,0.344,834,1606,0.475,2785,2435,523,478,947,-9999,0.5568574444942095,0.5186393289841565,494,-9999,559,806,0.37558247903075487,-9999,-9999,9.02,Manhattan,,,,65,30,774,1730,0.447,166,480,0.346,608,1250,0.447,2274,2041,418,342,690,-9999,0.5565780971588573,0.4953757225433526,423,-9999,560,711,0.41098265895953756,-9999,-9999,-1.99
2003,ThreeFourteen,0,Two,Nashville,TN,Xavier,,,,71,32,850,1897,0.448,206,571,0.361,644,1326,0.448,2482,2115,523,460,799,-9999,0.554840209596366,0.5023721665788087,407,-9999,576,772,0.4069583552978387,-9999,-9999,4.61,Troy,,,,59,32,914,2116,0.432,312,916,0.341,602,1200,0.432,2556,2262,495,486,799,-9999,0.5363798139878454,0.505671077504726,435,-9999,416,606,0.28638941398865786,-9999,-9999,-4.8
2003,ThreeFourteen,0,Three,Indianapolis,IN,Marquette,,,,72,33,901,1871,0.482,202,508,0.398,699,1363,0.482,2589,2292,533,487,721,-9999,0.5870854800087076,0.535542490646713,438,-9999,585,759,0.4056654195617317,-9999,-9999,7.28,Holy Cross,,,,68,31,759,1643,0.462,170,469,0.362,589,1174,0.462,2180,1821,489,377,754,-9999,0.5593185550082101,0.5136944613511869,426,-9999,492,695,0.4230066950699939,-9999,-9999,-5.38
2003,ThreeFourteen,0,Four,Salt Lake City,UT,Duke,,,,67,33,897,1981,0.453,244,672,0.363,653,1309,0.453,2677,2298,444,431,775,-9999,0.5634176320043104,0.5143866733972741,462,-9999,639,897,0.45280161534578495,-9999,-9999,8.38,Colorado State,,,,57,33,876,1733,0.505,137,380,0.361,739,1353,0.505,2450,2363,514,374,801,-9999,0.5869106937523956,0.5450086555106751,553,-9999,561,805,0.4645124062319677,-9999,-9999,4.41
2003,FourThirteen,0,One,Birmingham,AL,Louisville,,,,86,32,902,1950,0.463,272,752,0.362,630,1198,0.463,2612,2197,529,442,778,-9999,0.570604683677036,0.5323076923076923,426,-9999,536,770,0.39487179487179486,-9999,-9999,6.84,Austin Peay,,,,64,31,758,1648,0.46,192,553,0.347,566,1095,0.46,2204,2101,424,339,745,-9999,0.5609969659329247,0.5182038834951457,476,-9999,496,719,0.4362864077669903,-9999,-9999,-1.98
2003,FourThirteen,0,Two,Spokane,WA,Stanford,,,,77,33,851,1925,0.442,231,648,0.356,620,1277,0.442,2391,2230,482,449,830,-9999,0.5379222836162056,0.5020779220779221,470,-9999,458,676,0.3511688311688312,-9999,-9999,8.37,San Diego,,,,69,30,765,1626,0.47,210,554,0.379,555,1072,0.47,2265,2143,496,354,793,-9999,0.5739524417685337,0.5350553505535055,536,-9999,525,789,0.48523985239852396,-9999,-9999,2.74
2003,FourThirteen,1,Three,Spokane,WA,Dayton,,,,71,30,738,1638,0.451,227,633,0.359,511,1005,0.451,2182,2007,452,403,688,-9999,0.5643375887111791,0.5198412698412699,397,-9999,479,671,0.40964590964590963,-9999,-9999,5.17,Tulsa,,,,84,33,877,1884,0.465,217,591,0.367,660,1293,0.465,2423,2155,488,365,856,-9999,0.5618264111743865,0.5230891719745223,467,-9999,452,619,0.32855626326963905,-9999,-9999,2.29
2003,FourThirteen,0,Four,Indianapolis,IN,Illinois,,,,65,32,859,1793,0.479,233,636,0.366,626,1157,0.479,2388,1970,575,305,828,-9999,0.580084729293793,0.5440602342442833,418,-9999,437,603,0.3363078639152259,-9999,-9999,6.76,Western Kentucky,,,,60,33,860,1866,0.461,253,695,0.364,607,1171,0.461,2430,2194,473,411,775,-9999,0.5597840109100292,0.5286709539121115,497,-9999,457,692,0.3708467309753483,-9999,-9999,1.4
2003,FiveTwelve,1,One,Birmingham,AL,Mississippi State,,,,46,31,806,1718,0.469,173,507,0.341,633,1211,0.469,2151,1852,445,374,774,-9999,0.5495881282832206,0.5194994179278231,479,-9999,366,543,0.3160651920838184,-9999,-9999,8.0,Butler,,,,47,33,786,1655,0.475,274,699,0.392,512,956,0.475,2229,1986,420,261,662,-9999,0.58983233837165,0.5577039274924471,353,-9999,383,533,0.3220543806646526,-9999,-9999,2.23
2003,FiveTwelve,0,Two,Spokane,WA,UConn,,,,58,33,964,2057,0.469,196,508,0.386,768,1549,0.469,2622,2351,502,486,921,-9999,0.5506459904907511,0.5162858531842489,507,-9999,498,736,0.3578026251823043,-9999,-9999,7.62,BYU,,,,53,32,765,1654,0.463,194,517,0.375,571,1137,0.463,2299,2032,428,353,781,-9999,0.5778472613206789,0.5211608222490931,436,-9999,575,762,0.4607013301088271,-9999,-9999,5.29
2003,FiveTwelve,0,Three,Spokane,WA,Wisconsin,,,,81,32,798,1723,0.463,201,563,0.357,597,1160,0.463,2250,1899,423,326,719,-9999,0.5638080346403657,0.5214741729541498,334,-9999,453,619,0.359257109692397,-9999,-9999,6.51,Weber State,,,,74,32,800,1710,0.468,189,576,0.328,611,1134,0.468,2385,2164,455,345,733,-9999,0.5764768442424829,0.5230994152046784,403,-9999,596,815,0.4766081871345029,-9999,-9999,-2.01
2003,FiveTwelve,0,Four,Indianapolis,IN,Notre Dame,,,,70,34,917,2055,0.446,283,735,0.385,634,1320,0.446,2692,2424,558,378,925,-9999,0.5637365767033556,0.5150851581508515,446,-9999,575,756,0.3678832116788321,-9999,-9999,9.43,Milwaukee,,,,69,32,874,1855,0.471,246,695,0.354,628,1160,0.471,2466,2238,542,370,731,-9999,0.5722533694723945,0.537466307277628,475,-9999,472,681,0.36711590296495955,-9999,-9999,0.81
2003,SixEleven,0,One,Boston,MA,Oklahoma State,,,,77,32,800,1784,0.448,157,496,0.317,643,1288,0.448,2224,2004,408,397,778,-9999,0.5294330495724542,0.49243273542600896,474,-9999,467,719,0.40302690582959644,-9999,-9999,8.46,Penn,,,,63,28,668,1432,0.466,251,608,0.413,417,824,0.466,1958,1681,418,254,672,-9999,0.5890068105792603,0.5541201117318436,370,-9999,371,523,0.36522346368715086,-9999,-9999,-1.45
2003,SixEleven,0,Two,Nashville,TN,Maryland,,,,75,31,901,1940,0.464,204,523,0.39,697,1417,0.464,2472,2069,573,409,832,-9999,0.5548173950515315,0.5170103092783506,431,-9999,466,654,0.3371134020618557,-9999,-9999,7.56,UNC Wilmington,,,,73,31,801,1747,0.459,216,581,0.372,585,1166,0.459,2214,1863,456,309,713,-9999,0.5538655512638341,0.5203205495134516,352,-9999,396,572,0.3274184315970235,-9999,-9999,-2.8
2003,SixEleven,0,Three,Indianapolis,IN,Missouri,,,,72,33,870,1959,0.444,252,699,0.361,618,1260,0.444,2389,2233,452,437,864,-9999,0.5373369320737742,0.5084226646248086,457,-9999,397,600,0.30627871362940273,-9999,-9999,10.15,Southern Illinois,,,,71,31,847,1801,0.47,191,494,0.387,656,1307,0.47,2307,2115,430,336,692,-9999,0.5582388013473227,0.5233203775680177,388,-9999,422,603,0.3348139922265408,-9999,-9999,2.37
2003,SixEleven,1,Four,Salt Lake City,UT,Creighton,,,,73,34,974,1956,0.498,270,693,0.39,704,1263,0.498,2688,2202,575,373,782,-9999,0.5961886511231768,0.5669734151329243,461,-9999,470,678,0.34662576687116564,-9999,-9999,1.03,Central Michigan,,,,79,32,864,1714,0.504,224,574,0.39,640,1140,0.504,2553,2346,504,347,732,-9999,0.6193114556851482,0.5694282380396732,577,-9999,601,789,0.4603267211201867,-9999,-9999,1.79
2003,SevenTen,1,One,Tampa,FL,St. Joseph's,,,,63,30,725,1637,0.443,239,658,0.363,486,979,0.443,2111,1784,417,339,721,-9999,0.5533130635353324,0.5158827122785583,387,-9999,422,615,0.37568723274282223,-9999,-9999,3.71,Auburn,,,,65,34,879,1890,0.465,198,573,0.346,681,1317,0.465,2408,2235,457,417,783,-9999,0.5494204618052386,0.5174603174603175,541,-9999,452,685,0.36243386243386244,-9999,-9999,8.34
2003,SevenTen,0,Two,Tampa,FL,Michigan State,,,,79,35,812,1795,0.452,179,477,0.375,633,1318,0.452,2367,2143,474,373,853,-9999,0.5549876200480192,0.5022284122562675,502,-9999,564,767,0.42729805013927574,-9999,-9999,9.71,Colorado,,,,64,32,869,1961,0.443,159,487,0.326,710,1474,0.443,2405,2251,424,461,890,-9999,0.5239742740614215,0.4836817950025497,447,-9999,508,759,0.38704742478327386,-9999,-9999,8.01
2003,SevenTen,0,Three,Boston,MA,Indiana,,,,67,34,788,1851,0.426,254,727,0.349,534,1124,0.426,2376,2280,470,387,847,-9999,0.543607577560172,0.49432739059967584,392,-9999,546,760,0.4105888708806051,-9999,-9999,9.81,Alabama,,,,62,29,695,1653,0.42,183,568,0.322,512,1085,0.42,2002,1887,352,389,690,-9999,0.5219304648883142,0.47580157289776165,380,-9999,429,602,0.3641863278886872,-9999,-9999,9.4
2003,SevenTen,1,Four,Oklahoma City,OK,Memphis,,,,71,30,787,1809,0.435,210,610,0.344,577,1199,0.435,2232,1993,493,448,755,-9999,0.5288097043214556,0.4930901050304035,412,-9999,448,685,0.3786622443338861,-9999,-9999,5.27,Arizona State,,,,84,32,886,1838,0.482,131,404,0.324,755,1434,0.482,2464,2257,506,434,728,-9999,0.558963377009909,0.5176822633297062,437,-9999,561,832,0.45266594124047876,-9999,-9999,9.27
2003,EightNine,0,One,Oklahoma City,OK,California,,,,76,31,847,1819,0.466,198,530,0.374,649,1289,0.466,2301,2171,487,350,745,-9999,0.5522117267595898,0.520065970313359,433,-9999,409,601,0.33040131940626716,-9999,-9999,7.58,NC State,,,,74,31,755,1656,0.456,248,696,0.356,507,960,0.456,2246,2116,456,290,699,-9999,0.580373754496217,0.5307971014492754,440,-9999,488,634,0.3828502415458937,-9999,-9999,7.56
2003,EightNine,1,Two,Birmingham,AL,LSU,,,,56,32,851,1767,0.482,215,571,0.377,636,1196,0.482,2326,2030,515,346,778,-9999,0.568559583871094,0.5424448217317487,446,-9999,409,633,0.35823429541595925,-9999,-9999,6.83,Purdue,,,,80,30,715,1638,0.437,157,467,0.336,558,1171,0.437,2156,1960,360,312,703,-9999,0.5469082939302312,0.48443223443223443,413,-9999,569,757,0.4621489621489622,-9999,-9999,9.42
2003,EightNine,1,Three,Nashville,TN,Oregon,,,,58,33,934,2039,0.458,291,753,0.386,643,1286,0.458,2689,2427,567,377,813,-9999,0.5744744488121688,0.5294261893084845,504,-9999,530,685,0.3359489946051986,-9999,-9999,6.11,Utah,,,,60,33,757,1679,0.451,236,620,0.381,521,1059,0.451,2191,1991,427,333,760,-9999,0.5612767701608772,0.521143537820131,427,-9999,441,620,0.36926742108397853,-9999,-9999,5.25
2003,EightNine,1,Four,Salt Lake City,UT,Cincinnati,,,,69,29,667,1653,0.404,197,573,0.344,470,1080,0.404,1954,1796,357,366,664,-9999,0.5081343097278855,0.4630973986690865,307,-9999,423,613,0.37084089534180276,-9999,-9999,7.45,Gonzaga,,,,74,33,862,1843,0.468,239,635,0.376,623,1208,0.468,2558,2279,520,394,840,-9999,0.5801295426093583,0.532555615843733,474,-9999,595,822,0.4460119370591427,-9999,-9999,3.8
2004,OneSixteen,0,One,Columbus,OH,Kentucky,,,,96,32,862,1828,0.472,204,572,0.357,658,1256,0.472,2365,2036,504,371,789,-9999,0.5620567712987432,0.5273522975929978,468,-9999,437,627,0.34299781181619254,-9999,-9999,8.55,Florida A&M,,,,76,32,747,1802,0.415,271,782,0.347,476,1020,0.415,2311,2372,405,-9999,-9999,-9999,0.5396405820926193,0.4897336293007769,537,-9999,546,771,0.427857935627081,-9999,-9999,-7.94
2004,OneSixteen,0,Two,Raleigh,NC,Duke,,,,96,37,1018,2161,0.471,263,722,0.364,755,1439,0.471,2954,2406,536,474,877,-9999,0.5786257149572984,0.531929662193429,511,-9999,655,890,0.4118463674224896,-9999,-9999,10.86,Alabama State,,,,61,31,639,1523,0.42,173,517,0.335,466,1006,0.42,1904,1913,315,360,706,-9999,0.5210613889132149,0.4763624425476034,537,-9999,453,691,0.45370978332239004,-9999,-9999,-10.78
2004,OneSixteen,0,Three,Buffalo,NY,St. Joseph's,,,,82,32,866,1822,0.475,313,775,0.404,553,1047,0.475,2476,1994,520,308,735,-9999,0.5917329458550016,0.5611964873765093,370,-9999,431,614,0.33699231613611413,-9999,-9999,4.97,Liberty,,,,63,33,819,1913,0.428,206,670,0.307,613,1243,0.428,2284,2224,461,441,794,-9999,0.5192230749645365,0.48196549921589127,528,-9999,440,651,0.3403031887088343,-9999,-9999,-4.21
2004,OneSixteen,0,Four,Seattle,WA,Stanford,,,,71,32,849,1771,0.479,169,464,0.364,680,1307,0.479,2356,1936,513,366,812,-9999,0.5725561863286414,0.5271033314511575,453,-9999,489,651,0.3675889328063241,-9999,-9999,4.34,UTSA,,,,45,33,813,1896,0.429,234,648,0.361,579,1248,0.429,2400,2367,421,415,827,-9999,0.5364327223960662,0.49050632911392406,564,-9999,540,775,0.40875527426160335,-9999,-9999,-6.11
2004,TwoFifteen,0,One,Seattle,WA,Gonzaga,,,,76,31,899,1765,0.509,195,491,0.397,704,1274,0.509,2536,2052,556,348,882,-9999,0.6085737871719558,0.5645892351274787,418,-9999,543,724,0.41019830028328613,-9999,-9999,3.32,Valparaiso,,,,49,31,765,1740,0.44,165,535,0.308,600,1205,0.44,2217,2201,474,368,815,-9999,0.536647947327653,0.4870689655172414,500,-9999,522,740,0.42528735632183906,-9999,-9999,0.01
2004,TwoFifteen,0,Two,Orlando,FL,Mississippi State,,,,85,30,822,1766,0.465,198,559,0.354,624,1207,0.465,2318,1997,416,444,787,-9999,0.5568153429290696,0.5215175537938845,458,-9999,476,717,0.4060022650056625,-9999,-9999,6.08,Monmouth,,,,52,33,752,1802,0.417,236,675,0.35,516,1127,0.417,2253,2226,454,303,785,-9999,0.53466671729349,0.4827968923418424,446,-9999,513,693,0.38457269700332963,-9999,-9999,-5.66
2004,TwoFifteen,0,Three,Kansas City,MO,Oklahoma State,,,,75,35,1002,1953,0.513,166,441,0.376,836,1512,0.513,2698,2188,561,393,860,-9999,0.5897525574888519,0.5555555555555556,468,-9999,528,760,0.3891449052739375,-9999,-9999,7.23,Eastern Washington,,,,56,30,747,1574,0.475,179,488,0.367,568,1086,0.475,2102,2035,480,279,639,-9999,0.570724184369434,0.5314485387547649,453,-9999,429,608,0.386277001270648,-9999,-9999,-0.34
2004,TwoFifteen,0,Four,Buffalo,NY,UConn,,,,70,39,1154,2403,0.48,249,619,0.402,905,1784,0.48,3073,2493,681,586,1156,-9999,0.5552303311507162,0.5320432792342905,532,-9999,516,828,0.3445692883895131,-9999,-9999,7.77,Vermont,,,,53,31,734,1739,0.422,203,617,0.329,531,1122,0.422,2045,1933,447,360,766,-9999,0.5160388404392765,0.480448533640023,387,-9999,374,551,0.31684876365727427,-9999,-9999,-6.36
2004,ThreeFourteen,0,One,Milwaukee,WI,Georgia Tech,,,,65,38,1029,2213,0.465,267,729,0.366,762,1484,0.465,2911,2552,579,429,993,-9999,0.5629080164598868,0.5253050158156349,578,-9999,586,847,0.3827383642114776,-9999,-9999,11.21,Northern Iowa,,,,60,31,723,1644,0.44,223,630,0.354,500,1014,0.44,2147,2015,410,268,800,-9999,0.5564713444472091,0.5076034063260341,388,-9999,478,648,0.39416058394160586,-9999,-9999,3.2
2004,ThreeFourteen,0,Two,Denver,CO,Texas,,,,66,33,904,2046,0.442,227,610,0.372,677,1436,0.442,2529,2195,447,517,838,-9999,0.534572849025974,0.49731182795698925,388,-9999,494,726,0.3548387096774194,-9999,-9999,8.4,Princeton,,,,49,28,634,1319,0.481,169,500,0.338,465,819,0.481,1760,1591,376,241,615,-9999,0.5794200532012957,0.5447308567096285,372,-9999,323,454,0.34420015163002277,-9999,-9999,-3.31
2004,ThreeFourteen,0,Three,Milwaukee,WI,Pitt,,,,53,36,904,1921,0.471,150,490,0.306,754,1431,0.471,2446,2031,523,466,854,-9999,0.543526567471957,0.5096304008328996,455,-9999,488,748,0.3893805309734513,-9999,-9999,6.49,UCF,,,,44,31,792,1732,0.457,232,658,0.353,560,1074,0.457,2181,1916,520,382,747,-9999,0.557401349417297,0.5242494226327945,473,-9999,365,510,0.29445727482678985,-9999,-9999,-5.87
2004,ThreeFourteen,0,Four,Denver,CO,NC State,,,,61,31,760,1688,0.45,260,753,0.345,500,935,0.45,2261,2018,454,317,729,-9999,0.5788886157879644,0.5272511848341233,420,-9999,481,602,0.3566350710900474,-9999,-9999,10.61,Louisiana,,,,52,29,797,1715,0.465,237,638,0.371,560,1077,0.465,2234,2000,474,341,647,-9999,0.5663151490569864,0.5338192419825073,419,-9999,403,585,0.34110787172011664,-9999,-9999,0.42
2004,FourThirteen,0,One,Kansas City,MO,Kansas,,,,78,33,895,1923,0.465,188,562,0.335,707,1361,0.465,2503,2218,572,409,894,-9999,0.5562419997155454,0.5143005720228809,485,-9999,525,743,0.38637545501820075,-9999,-9999,9.44,UIC,,,,53,32,810,1797,0.451,158,410,0.385,652,1387,0.451,2223,2016,468,423,703,-9999,0.5280285035629454,0.49471341124095713,405,-9999,445,700,0.38953811908736785,-9999,-9999,-0.47
2004,FourThirteen,0,Two,Columbus,OH,Cincinnati,,,,80,32,867,1893,0.458,237,612,0.387,630,1281,0.458,2455,2056,517,420,777,-9999,0.555148522015992,0.5206022187004754,393,-9999,484,723,0.38193343898573695,-9999,-9999,6.28,ETSU,,,,77,33,946,2059,0.459,201,580,0.347,745,1479,0.459,2618,2291,505,411,858,-9999,0.5467196819085487,0.5082564351627004,514,-9999,525,762,0.370082564351627,-9999,-9999,-3.15
2004,FourThirteen,0,Three,Raleigh,NC,Wake Forest,,,,79,31,882,1854,0.476,236,611,0.386,646,1243,0.476,2590,2360,487,417,731,-9999,0.5836593412536731,0.5393743257820928,457,-9999,590,829,0.4471413160733549,-9999,-9999,11.03,VCU,,,,78,31,811,1707,0.475,208,530,0.392,603,1177,0.475,2202,1986,407,377,782,-9999,0.5568593335895932,0.5360281195079086,510,-9999,372,614,0.3596953719976567,-9999,-9999,-0.17
2004,FourThirteen,0,Four,Denver,CO,Maryland,,,,86,32,891,2021,0.441,165,490,0.337,726,1531,0.441,2477,2308,451,485,837,-9999,0.5180707772107421,0.4816922315685304,485,-9999,530,840,0.4156358238495794,-9999,-9999,11.68,UTEP,,,,83,32,834,1748,0.477,197,513,0.384,637,1235,0.477,2479,2161,523,328,778,-9999,0.5881431852259571,0.5334668192219679,445,-9999,614,817,0.4673913043478261,-9999,-9999,3.55
2004,FiveTwelve,1,One,Kansas City,MO,Providence,,,,58,29,717,1592,0.45,228,629,0.362,489,963,0.45,2060,1867,455,342,634,-9999,0.5612100342174662,0.5219849246231156,433,-9999,398,553,0.3473618090452261,-9999,-9999,8.21,Pacific,,,,66,33,764,1633,0.468,195,546,0.357,569,1087,0.468,2272,2097,478,304,797,-9999,0.5792253880198242,0.5275566442131047,471,-9999,549,746,0.4568279240661359,-9999,-9999,0.95
2004,FiveTwelve,0,Two,Columbus,OH,Illinois,,,,72,33,887,1899,0.467,231,662,0.349,656,1237,0.467,2402,2077,565,381,770,-9999,0.5585423022546321,0.5279094260136914,401,-9999,397,571,0.30068457082675093,-9999,-9999,7.08,Murray State,,,,53,34,994,2009,0.495,224,659,0.34,770,1350,0.495,2730,2342,636,416,845,-9999,0.5857866277572741,0.5505226480836237,476,-9999,518,730,0.3633648581383773,-9999,-9999,-3.2
2004,FiveTwelve,1,Three,Raleigh,NC,Florida,,,,60,31,829,1719,0.482,249,661,0.377,580,1058,0.482,2369,2149,492,306,775,-9999,0.5952141665494161,0.5546829552065154,454,-9999,462,616,0.358347876672484,-9999,-9999,9.19,Manhattan,,,,75,31,762,1724,0.442,180,489,0.368,582,1235,0.442,2311,1984,338,374,705,-9999,0.5568352673580323,0.494199535962877,395,-9999,607,798,0.462877030162413,-9999,-9999,-1.25
2004,FiveTwelve,0,Four,Denver,CO,Syracuse,,,,80,31,847,1827,0.464,141,430,0.328,706,1397,0.464,2265,2096,465,423,757,-9999,0.5338556397782555,0.5021893814997264,396,-9999,430,669,0.36617405582922824,-9999,-9999,7.61,BYU,,,,75,30,764,1571,0.486,171,487,0.351,593,1084,0.486,2200,1966,445,316,701,-9999,0.5865165184379465,0.5407383831954169,409,-9999,501,692,0.44048376830044556,-9999,-9999,6.3
2004,SixEleven,0,One,Milwaukee,WI,Boston College,,,,58,34,819,1799,0.455,128,393,0.326,691,1406,0.455,2312,2148,543,425,799,-9999,0.536985079618722,0.49082823790994995,457,-9999,546,804,0.44691495275152865,-9999,-9999,7.17,Utah,,,,51,33,768,1630,0.471,196,506,0.387,572,1124,0.471,2134,1893,426,355,785,-9999,0.5691759484487688,0.5312883435582823,463,-9999,402,556,0.3411042944785276,-9999,-9999,4.53
2004,SixEleven,0,Two,Denver,CO,UNC,,,,63,30,877,1912,0.459,195,554,0.352,682,1358,0.459,2464,2243,538,460,729,-9999,0.5496172308570817,0.5096757322175732,462,-9999,515,749,0.39173640167364016,-9999,-9999,12.04,Air Force,,,,52,29,585,1216,0.481,245,647,0.379,340,569,0.481,1737,1475,386,174,449,-9999,0.6136421445326852,0.5818256578947368,318,-9999,322,453,0.3725328947368421,-9999,-9999,0.08
2004,SixEleven,0,Three,Milwaukee,WI,Wisconsin,,,,76,32,754,1687,0.447,190,564,0.337,564,1123,0.447,2190,1823,425,347,702,-9999,0.5508159117889696,0.5032602252519265,320,-9999,492,684,0.4054534676941316,-9999,-9999,7.49,Richmond,,,,64,33,737,1793,0.411,188,607,0.31,549,1186,0.411,2129,1964,406,403,761,-9999,0.5122418339653149,0.46346904629113217,432,-9999,467,648,0.36140546569994425,-9999,-9999,5.07
2004,SixEleven,0,Four,Denver,CO,Vanderbilt,,,,71,33,841,1873,0.449,263,716,0.367,578,1157,0.449,2414,2146,541,367,783,-9999,0.5579180918923916,0.5192205018686599,419,-9999,469,660,0.3523758675920982,-9999,-9999,7.58,Western Michigan,,,,58,31,845,1840,0.459,217,585,0.371,628,1255,0.459,2434,2049,474,449,728,-9999,0.5629984641290872,0.5182065217391304,411,-9999,527,731,0.3972826086956522,-9999,-9999,-0.11
2004,SevenTen,1,One,Seattle,WA,Michigan State,,,,66,30,748,1519,0.492,190,474,0.401,558,1045,0.492,2138,2025,441,270,640,-9999,0.6016298597510187,0.554970375246873,438,-9999,452,586,0.3857801184990125,-9999,-9999,8.38,Nevada,,,,72,34,901,1991,0.453,172,501,0.343,729,1490,0.453,2579,2257,478,449,873,-9999,0.5472795178677532,0.4957307885484681,445,-9999,605,830,0.41687594173782017,-9999,-9999,5.82
2004,SevenTen,0,Two,Orlando,FL,Xavier,,,,80,37,908,2058,0.441,284,756,0.376,624,1302,0.441,2635,2339,494,439,888,-9999,0.5489857826224644,0.5102040816326531,459,-9999,535,777,0.37755102040816324,-9999,-9999,5.84,Louisville,,,,70,30,737,1757,0.419,241,713,0.338,496,1044,0.419,2195,1846,460,351,775,-9999,0.538243487131199,0.48804780876494025,413,-9999,480,641,0.3648264086511098,-9999,-9999,6.97
2004,SevenTen,0,Three,Kansas City,MO,Memphis,,,,59,30,736,1751,0.42,259,722,0.359,477,1029,0.42,2172,1959,425,402,737,-9999,0.5307295331925874,0.49428897772701313,383,-9999,441,671,0.3832095945174186,-9999,-9999,5.96,South Carolina,,,,43,34,846,1948,0.434,226,691,0.327,620,1257,0.434,2383,2130,499,423,801,-9999,0.5291792503108901,0.49229979466119095,448,-9999,465,690,0.3542094455852156,-9999,-9999,5.33
2004,SevenTen,0,Four,Buffalo,NY,DePaul,,,,76,32,813,1755,0.463,163,450,0.362,650,1305,0.463,2257,2171,437,382,777,-9999,0.5504233650694553,0.5096866096866097,422,-9999,468,671,0.38233618233618233,-9999,-9999,6.38,Dayton,,,,69,33,780,1746,0.447,207,644,0.321,573,1102,0.447,2244,2127,489,409,857,-9999,0.5442691658420165,0.5060137457044673,467,-9999,477,717,0.4106529209621993,-9999,-9999,3.56
2004,EightNine,1,One,Columbus,OH,Washington,,,,100,31,890,1911,0.466,201,569,0.353,689,1342,0.466,2543,2449,501,382,721,-9999,0.5631787821341884,0.5183150183150184,472,-9999,562,788,0.4123495552066981,-9999,-9999,6.43,Alabama-Birmingham,,,,102,32,882,2006,0.44,213,646,0.33,669,1360,0.44,2414,2218,564,401,718,-9999,0.5260084370533069,0.4927716849451645,431,-9999,437,656,0.3270189431704885,-9999,-9999,5.63
2004,EightNine,0,Two,Raleigh,NC,Seton Hall,,,,80,31,806,1759,0.458,181,521,0.347,625,1238,0.458,2228,2028,406,359,775,-9999,0.5495915064924813,0.5096645821489483,403,-9999,435,609,0.34621944286526435,-9999,-9999,7.78,Arizona,,,,76,30,942,1938,0.486,219,568,0.386,723,1370,0.486,2614,2354,560,421,756,-9999,0.5876798561151079,0.5425696594427245,448,-9999,511,650,0.33539731682146545,-9999,-9999,6.63
2004,EightNine,0,Three,Buffalo,NY,Texas Tech,,,,76,34,922,1985,0.464,125,371,0.337,797,1614,0.464,2490,2269,505,385,768,-9999,0.542644443669584,0.4959697732997481,424,-9999,521,703,0.3541561712846348,-9999,-9999,8.21,Charlotte,,,,73,30,812,1805,0.45,232,682,0.34,580,1123,0.45,2374,2148,484,441,779,-9999,0.5505259447526112,0.5141274238227147,458,-9999,518,798,0.4421052631578947,-9999,-9999,4.7
2004,EightNine,0,Four,Seattle,WA,Alabama,,,,65,33,813,1802,0.451,233,616,0.378,580,1186,0.451,2380,2245,395,366,782,-9999,0.5598946080737743,0.5158157602663707,423,-9999,521,735,0.4078801331853496,-9999,-9999,10.2,Southern Illinois,,,,64,30,787,1775,0.443,185,548,0.338,602,1227,0.443,2131,1889,424,393,664,-9999,0.5294146874689457,0.4954929577464789,360,-9999,372,540,0.30422535211267604,-9999,-9999,2.64
